<project>
    <shortName>openpsvr</shortName>
    <fullName>OpenPSVR</fullName>
    <version>0.1</version>
    <componentList>
        <component>
            <name>default</name>
            <description>Default Component</description>
            <canBeEdited>1</canBeEdited>
            <selected>1</selected>
            <show>1</show>
            <folderList>
                <folder>
                    <description>Program Files</description>
                    <destination>${installdir}</destination>
                    <name>programfiles</name>
                    <platforms>all</platforms>
                    <distributionFileList>
                        <distributionDirectory>
                            <origin>C:\Users\steph\Source\Repos\OpenPSVR\build\Win64\openpsvr\bin</origin>
                        </distributionDirectory>
                        <distributionDirectory>
                            <origin>C:/Users/steph/Source/Repos/OpenPSVR/build/Win64/openpsvr/resources</origin>
                        </distributionDirectory>
                        <distributionFile>
                            <origin>C:/Users/steph/Source/Repos/OpenPSVR/build/Win64/openpsvr/driver.vrdrivermanifest</origin>
                        </distributionFile>
                        <distributionFile>
                            <origin>C:/Users/steph/Source/Repos/OpenPSVR/driver/unregister-driver.bat</origin>
                        </distributionFile>
                        <distributionFile>
                            <origin>C:/Users/steph/Source/Repos/OpenPSVR/driver/register-driver.bat</origin>
                        </distributionFile>
                    </distributionFileList>
                    <shortcutList>
                        <shortcut>
                            <comment>Uninstall</comment>
                            <exec>${installdir}/${uninstallerName}</exec>
                            <icon></icon>
                            <name>Uninstall ${product_fullname}</name>
                            <path>${installdir}/</path>
                            <platforms>all</platforms>
                            <runAsAdmin>0</runAsAdmin>
                            <runInTerminal>0</runInTerminal>
                            <windowsExec>${installdir}/${uninstallerName}.exe</windowsExec>
                            <windowsExecArgs></windowsExecArgs>
                            <windowsIcon></windowsIcon>
                            <windowsPath>${installdir}/</windowsPath>
                        </shortcut>
                    </shortcutList>
                </folder>
                <folder>
                    <description>Program Files</description>
                    <destination>${installdir}</destination>
                    <name>programfileslinux</name>
                    <platforms>linux</platforms>
                </folder>
                <folder>
                    <description>Program Files</description>
                    <destination>${installdir}</destination>
                    <name>programfileswindows</name>
                    <platforms>windows</platforms>
                </folder>
                <folder>
                    <description>Program Files</description>
                    <destination>${installdir}</destination>
                    <name>programfilesosx</name>
                    <platforms>osx</platforms>
                </folder>
            </folderList>
            <startMenuShortcutList>
                <startMenuShortcut>
                    <comment>Uninstall ${product_fullname}</comment>
                    <name>Uninstall ${product_fullname}</name>
                    <runAsAdmin>0</runAsAdmin>
                    <runInTerminal>0</runInTerminal>
                    <windowsExec>${installdir}/${uninstallerName}.exe</windowsExec>
                    <windowsExecArgs></windowsExecArgs>
                    <windowsIcon></windowsIcon>
                    <windowsPath>${installdir}/</windowsPath>
                </startMenuShortcut>
            </startMenuShortcutList>
        </component>
    </componentList>
    <postInstallationActionList>
        <runProgram>
            <program>${installdir}/register-driver.bat</program>
            <programArguments></programArguments>
			<workingDirectory>${installdir}</workingDirectory>
        </runProgram>
    </postInstallationActionList>
    <preUninstallationActionList>
        <runProgram>
            <program>${installdir}/unregister-driver.bat</program>
            <programArguments></programArguments>
        </runProgram>
    </preUninstallationActionList>
    <enableRollback>1</enableRollback>
    <enableTimestamp>1</enableTimestamp>
    <vendor>OpenPSVR</vendor>
    <parameterList>
        <directoryParameter>
            <name>installdir</name>
            <description>Installer.Parameter.installdir.description</description>
            <explanation>Installer.Parameter.installdir.explanation</explanation>
            <value></value>
            <default>${platform_install_prefix}/Steam/steamapps/common/SteamVR/drivers/openpsvr</default>
            <allowEmptyValue>0</allowEmptyValue>
            <ask>yes</ask>
            <cliOptionName>prefix</cliOptionName>
            <mustBeWritable>yes</mustBeWritable>
            <mustExist>0</mustExist>
            <width>40</width>
        </directoryParameter>
    </parameterList>
</project>

